Company,Search Term,Title,Job ID,Location,Posted On,Job URL
Target,business intelligence,Target Security Specialist,R0000454357,"6419 Skillman St, Dallas,TX 75231-7109",Posted Today,https://target.wd5.myworkdayjobs.com/en-US/targetcareers/job/6419-Skillman-St-DallasTX-75231-7109/Target-Security-Specialist_R0000454357
Target,business intelligence,Target Security Specialist,R0000451061,"751 Alta Mere Dr, Fort Worth, TX 76116-1526",Posted Yesterday,https://target.wd5.myworkdayjobs.com/en-US/targetcareers/job/751-Alta-Mere-Dr-Fort-Worth-TX-76116-1526/Target-Security-Specialist_R0000451061-1
Target,business intelligence,Target Security Specialist,R0000451595,"13131 Montfort Dr, Dallas,TX 75240-5112",Posted Yesterday,https://target.wd5.myworkdayjobs.com/en-US/targetcareers/job/13131-Montfort-Dr-DallasTX-75240-5112/Target-Security-Specialist_R0000451595
Target,business intelligence,Target Security Specialist,R0000452957,"1101 C-Bar Ranch Trl Lot #2, Cedar Park,TX 78613-7595",Posted Yesterday,https://target.wd5.myworkdayjobs.com/en-US/targetcareers/job/1101-C-Bar-Ranch-Trl-Lot-2-Cedar-ParkTX-78613-7595/Target-Security-Specialist_R0000452957
Target,business intelligence,Target Security Specialist,R0000453304,"10107 Research Blvd, Austin, TX 78759-5803",Posted Yesterday,https://target.wd5.myworkdayjobs.com/en-US/targetcareers/job/10107-Research-Blvd-Austin-TX-78759-5803/Target-Security-Specialist_R0000453304
Target,business intelligence,Target Security Specialist,R0000453306,"10107 Research Blvd, Austin, TX 78759-5803",Posted Yesterday,https://target.wd5.myworkdayjobs.com/en-US/targetcareers/job/10107-Research-Blvd-Austin-TX-78759-5803/Target-Security-Specialist_R0000453306
Target,business intelligence,Target Security Specialist,R0000445082,"4235 Sunset Dr, San Angelo,TX 76904-5653",Posted Yesterday,https://target.wd5.myworkdayjobs.com/en-US/targetcareers/job/4235-Sunset-Dr-San-AngeloTX-76904-5653/Target-Security-Specialist_R0000445082
Target,business intelligence,Target Security Specialist,R0000446524,"2417 N Haskell Ave, Dallas,TX 75204-3707",Posted Yesterday,https://target.wd5.myworkdayjobs.com/en-US/targetcareers/job/2417-N-Haskell-Ave-DallasTX-75204-3707/Target-Security-Specialist_R0000446524
Target,business intelligence,Target Security Specialist,R0000446528,"2417 N Haskell Ave, Dallas,TX 75204-3707",Posted Yesterday,https://target.wd5.myworkdayjobs.com/en-US/targetcareers/job/2417-N-Haskell-Ave-DallasTX-75204-3707/Target-Security-Specialist_R0000446528
Target,business intelligence,Target Security Specialist,R0000447045,"8605 Westheimer Rd, Houston, TX 77063-4201",Posted Yesterday,https://target.wd5.myworkdayjobs.com/en-US/targetcareers/job/8605-Westheimer-Rd-Houston-TX-77063-4201/Target-Security-Specialist_R0000447045
Target,business intelligence,Target Security Specialist,R0000449845,"8601 Research Blvd, Austin,TX 78758-7121",Posted Yesterday,https://target.wd5.myworkdayjobs.com/en-US/targetcareers/job/8601-Research-Blvd-AustinTX-78758-7121/Target-Security-Specialist_R0000449845
Target,business intelligence,Target Security Specialist,R0000453930,"2700 Eldridge Pkwy, Houston,TX 77082-6870",Posted 4 Days Ago,https://target.wd5.myworkdayjobs.com/en-US/targetcareers/job/2700-Eldridge-Pkwy-HoustonTX-77082-6870/Target-Security-Specialist_R0000453930-1
Target,business intelligence,Target Security Specialist,R0000453664,"39739 Lyndon B Johnson Fwy, Dallas,TX 75237-3560",Posted 6 Days Ago,https://target.wd5.myworkdayjobs.com/en-US/targetcareers/job/39739-Lyndon-B-Johnson-Fwy-DallasTX-75237-3560/Target-Security-Specialist_R0000453664
Target,business intelligence,Target Security Specialist,R0000453550,"5301 N Garland Ave, Garland,TX 75040-2716",Posted 7 Days Ago,https://target.wd5.myworkdayjobs.com/en-US/targetcareers/job/5301-N-Garland-Ave-GarlandTX-75040-2716/Target-Security-Specialist_R0000453550
Target,business intelligence,Target Security Specialist,R0000453554,"9440 Marsh Ln, Dallas,TX 75220-4924",Posted 7 Days Ago,https://target.wd5.myworkdayjobs.com/en-US/targetcareers/job/9440-Marsh-Ln-DallasTX-75220-4924/Target-Security-Specialist_R0000453554
Target,business intelligence,Target Security Specialist,R0000452956,"200 NW John Jones Dr, Burleson,TX 76028-5615",Posted 8 Days Ago,https://target.wd5.myworkdayjobs.com/en-US/targetcareers/job/200-NW-John-Jones-Dr-BurlesonTX-76028-5615/Target-Security-Specialist_R0000452956
Target,business intelligence,Target Security Specialist,R0000453115,"353 US Hwy 183, Liberty Hill,TX 78642",Posted 8 Days Ago,https://target.wd5.myworkdayjobs.com/en-US/targetcareers/job/353-US-Hwy-183-Liberty-HillTX-78642/Target-Security-Specialist_R0000453115
Target,business intelligence,Target Security Specialist,R0000452641,"2755 W University Dr. Ste 1101, Denton,TX 76201-1618",Posted 11 Days Ago,https://target.wd5.myworkdayjobs.com/en-US/targetcareers/job/2755-W-University-Dr-Ste-1101-DentonTX-76201-1618/Target-Security-Specialist_R0000452641-1
Target,business intelligence,Target Security Specialist,R0000452109,"5900 Retail Way, Fort Worth,TX 76123",Posted 13 Days Ago,https://target.wd5.myworkdayjobs.com/en-US/targetcareers/job/5900-Retail-Way-Fort-WorthTX-76123/Target-Security-Specialist_R0000452109-1
Target,business intelligence,Target Security Specialist,R0000452619,"2700 Eldridge Pkwy, Houston,TX 77082-6870",Posted 14 Days Ago,https://target.wd5.myworkdayjobs.com/en-US/targetcareers/job/2700-Eldridge-Pkwy-HoustonTX-77082-6870/Target-Security-Specialist_R0000452619
Target,business intelligence,Target Security Specialist,R0000451966,"5355 W Loop 1604 N, San Antonio, TX 78253-5300",Posted 15 Days Ago,https://target.wd5.myworkdayjobs.com/en-US/targetcareers/job/5355-W-Loop-1604-N-San-Antonio-TX-78253-5300/Target-Security-Specialist_R0000451966
Target,business intelligence,Target Security Specialist,R0000451525,"150 E Stacy Rd,Ste 2400 Allen,TX 75002-8756",Posted 21 Days Ago,https://target.wd5.myworkdayjobs.com/en-US/targetcareers/job/150-E-Stacy-RdSte-2400-AllenTX-75002-8756/Target-Security-Specialist_R0000451525
Target,business intelligence,Target Security Specialist,R0000451765,"601 S Plano Rd, Richardson,TX 75081-4512",Posted 21 Days Ago,https://target.wd5.myworkdayjobs.com/en-US/targetcareers/job/601-S-Plano-Rd-RichardsonTX-75081-4512/Target-Security-Specialist_R0000451765
Target,business intelligence,Target Security Specialist,R0000451023,"1600 W Arbrook Blvd, Arlington,TX 76015-4107",Posted 27 Days Ago,https://target.wd5.myworkdayjobs.com/en-US/targetcareers/job/1600-W-Arbrook-Blvd-ArlingtonTX-76015-4107/Target-Security-Specialist_R0000451023
Target,business intelligence,Target Security Specialist,R0000450815,"1801 S Loop 288, Denton, TX 76205-4801",Posted 28 Days Ago,https://target.wd5.myworkdayjobs.com/en-US/targetcareers/job/1801-S-Loop-288-Denton-TX-76205-4801/Target-Security-Specialist_R0000450815
Target,business intelligence,Target Security Specialist,R0000450605,"4001 N Midland Dr, Midland,TX 79707-3534",Posted 29 Days Ago,https://target.wd5.myworkdayjobs.com/en-US/targetcareers/job/4001-N-Midland-Dr-MidlandTX-79707-3534/Target-Security-Specialist_R0000450605-1
Target,business intelligence,Target Security Specialist,R0000447489,"8201 I-40 W, Amarillo,TX 79121-1104",Posted 30+ Days Ago,https://target.wd5.myworkdayjobs.com/en-US/targetcareers/job/8201-I-40-W-AmarilloTX-79121-1104/Target-Security-Specialist_R0000447489
Target,ai engineer,"Ammonia Refrigeration Manager - Food Distribution Center - Denton, TX",R0000452317,"3255 Airport Rd, Denton, TX 76207",Posted 18 Days Ago,https://target.wd5.myworkdayjobs.com/en-US/targetcareers/job/3255-Airport-Rd-Denton-TX-76207/Ammonia-Refrigeration-Manager---Food-Distribution-Center---Denton--TX_R0000452317-1
Adobe,data analyst,Senior Solutions Consultant,R171562,4 Locations,Posted 4 Days Ago,https://adobe.wd5.myworkdayjobs.com/en-US/external_experienced/job/Remote-New-York/Senior-Solutions-Consultant_R171562
Adobe,business intelligence,Director of Product Marketing,R171053,5 Locations,Posted 4 Days Ago,https://adobe.wd5.myworkdayjobs.com/en-US/external_experienced/job/San-Francisco/Director-of-Product-Marketing_R171053-1
Adobe,ai engineer,Senior Solutions Consultant,R171562,4 Locations,Posted 4 Days Ago,https://adobe.wd5.myworkdayjobs.com/en-US/external_experienced/job/Remote-New-York/Senior-Solutions-Consultant_R171562
Adobe,ai engineer,"Enterprise Sales Account Manager, Digital Learning",R167059,10 Locations,Posted 4 Days Ago,https://adobe.wd5.myworkdayjobs.com/en-US/external_experienced/job/Remote-Illinois/Enterprise-Sales-Account-Manager_R167059
Adobe,business analyst,Senior Solutions Consultant,R171562,4 Locations,Posted 4 Days Ago,https://adobe.wd5.myworkdayjobs.com/en-US/external_experienced/job/Remote-New-York/Senior-Solutions-Consultant_R171562
